"STATEFP","STUSPS","NAME","YEAR","CASES","POP","RATE"
"01","AL","Alabama",2011,1,4799069,0.020837374915843
"01","AL","Alabama",2012,0,4815588,0
"01","AL","Alabama",2013,0,4830081,0
"01","AL","Alabama",2014,1,4841799,0.020653480245669
"01","AL","Alabama",2015,2,4852347,0.041217167692253
"01","AL","Alabama",2016,0,4863525,0
"01","AL","Alabama",2017,1,4874486,0.02051498352852
"01","AL","Alabama",2018,0,4887681,0
"01","AL","Alabama",2019,0,4903185,0
"01","AL","Alabama",2020,1,5031864,0.0198733511080586
"01","AL","Alabama",2021,1,5050380,0.0198004902601388
"01","AL","Alabama",2022,0,5073903,0
"02","AK","Alaska",2011,NA,722128,NA
"02","AK","Alaska",2012,NA,730443,NA
"02","AK","Alaska",2013,NA,737068,NA
"02","AK","Alaska",2014,NA,736283,NA
"02","AK","Alaska",2015,NA,737498,NA
"02","AK","Alaska",2016,NA,741456,NA
"02","AK","Alaska",2017,NA,739700,NA
"02","AK","Alaska",2018,NA,735139,NA
"02","AK","Alaska",2019,NA,731545,NA
"02","AK","Alaska",2020,NA,732964,NA
"02","AK","Alaska",2021,NA,734923,NA
"02","AK","Alaska",2022,NA,733276,NA
"04","AZ","Arizona",2011,0,6472643,0
"04","AZ","Arizona",2012,0,6554978,0
"04","AZ","Arizona",2013,0,6632764,0
"04","AZ","Arizona",2014,0,6730413,0
"04","AZ","Arizona",2015,0,6829676,0
"04","AZ","Arizona",2016,0,6941072,0
"04","AZ","Arizona",2017,0,7044008,0
"04","AZ","Arizona",2018,0,7158024,0
"04","AZ","Arizona",2019,0,7278717,0
"04","AZ","Arizona",2020,0,7186683,0
"04","AZ","Arizona",2021,3,7272487,0.0412513628418999
"04","AZ","Arizona",2022,2,7365684,0.0271529432975946
"05","AR","Arkansas",2011,0,2940667,0
"05","AR","Arkansas",2012,0,2952164,0
"05","AR","Arkansas",2013,0,2959400,0
"05","AR","Arkansas",2014,0,2967392,0
"05","AR","Arkansas",2015,0,2978048,0
"05","AR","Arkansas",2016,1,2989918,0.033445733294358
"05","AR","Arkansas",2017,0,3001345,0
"05","AR","Arkansas",2018,2,3009733,0.0664510772218
"05","AR","Arkansas",2019,1,3017804,0.033136678193812
"05","AR","Arkansas",2020,1,3014348,0.0331746699452087
"05","AR","Arkansas",2021,2,3028443,0.0660405363416118
"05","AR","Arkansas",2022,1,3046404,0.0328255871512774
"06","CA","California",2011,1,37638369,0.002656863266312
"06","CA","California",2012,4,37948800,0.010540517750232
"06","CA","California",2013,3,38260787,0.007840926011271
"06","CA","California",2014,3,38596972,0.007772630454016
"06","CA","California",2015,5,38918045,0.012847510711291
"06","CA","California",2016,3,39167117,0.007659486400288
"06","CA","California",2017,4,39358497,0.010162989709693
"06","CA","California",2018,6,39461588,0.015204659275243
"06","CA","California",2019,1,39512223,0.002530862411867
"06","CA","California",2020,1,39503200,0.00253144049089694
"06","CA","California",2021,3,39145060,0.00766380227798859
"06","CA","California",2022,7,39040616,0.0179300449562579
"08","CO","Colorado",2011,NA,5121108,NA
"08","CO","Colorado",2012,NA,5192647,NA
"08","CO","Colorado",2013,NA,5269035,NA
"08","CO","Colorado",2014,NA,5350101,NA
"08","CO","Colorado",2015,NA,5450623,NA
"08","CO","Colorado",2016,NA,5539215,NA
"08","CO","Colorado",2017,NA,5611885,NA
"08","CO","Colorado",2018,NA,5691287,NA
"08","CO","Colorado",2019,NA,5758736,NA
"08","CO","Colorado",2020,NA,5785219,NA
"08","CO","Colorado",2021,NA,5811596,NA
"08","CO","Colorado",2022,NA,5841039,NA
"09","CT","Connecticut",2011,74,3588283,2.06226766394958
"09","CT","Connecticut",2012,123,3594547,3.42184981862805
"09","CT","Connecticut",2013,268,3594841,7.45512805712408
"09","CT","Connecticut",2014,205,3594524,5.70311952291875
"09","CT","Connecticut",2015,328,3587122,9.14382058931924
"09","CT","Connecticut",2016,322,3578141,8.99908639709838
"09","CT","Connecticut",2017,309,3573297,8.64747598646292
"09","CT","Connecticut",2018,248,3571520,6.9438222381507
"09","CT","Connecticut",2019,326,3565287,9.14372391339042
"09","CT","Connecticut",2020,139,3577586,3.88530142951141
"09","CT","Connecticut",2021,281,3603691,7.79756088965452
"09","CT","Connecticut",2022,115,3608706,3.18673785007701
"10","DE","Delaware",2011,1,907381,0.110207288889673
"10","DE","Delaware",2012,0,915179,0
"10","DE","Delaware",2013,2,923576,0.216549585524093
"10","DE","Delaware",2014,1,932487,0.107240100934383
"10","DE","Delaware",2015,1,941252,0.106241474121702
"10","DE","Delaware",2016,2,948921,0.210765701254372
"10","DE","Delaware",2017,4,956823,0.418050151386411
"10","DE","Delaware",2018,3,965479,0.310726592706833
"10","DE","Delaware",2019,5,973764,0.513471436610924
"10","DE","Delaware",2020,4,991862,0.403281908168677
"10","DE","Delaware",2021,4,1004881,0.398057083376042
"10","DE","Delaware",2022,0,1019459,0
"11","DC","District of Columbia",2011,0,619800,0
"11","DC","District of Columbia",2012,0,634924,0
"11","DC","District of Columbia",2013,0,650581,0
"11","DC","District of Columbia",2014,0,662328,0
"11","DC","District of Columbia",2015,0,675400,0
"11","DC","District of Columbia",2016,0,685815,0
"11","DC","District of Columbia",2017,0,694906,0
"11","DC","District of Columbia",2018,2,701547,0.28508424952284
"11","DC","District of Columbia",2019,0,705749,0
"11","DC","District of Columbia",2020,0,670839,0
"11","DC","District of Columbia",2021,0,669037,0
"11","DC","District of Columbia",2022,1,670949,0.149042624700238
"12","FL","Florida",2011,0,19053237,0
"12","FL","Florida",2012,0,19297822,0
"12","FL","Florida",2013,0,19545621,0
"12","FL","Florida",2014,0,19845911,0
"12","FL","Florida",2015,0,20209042,0
"12","FL","Florida",2016,0,20613477,0
"12","FL","Florida",2017,9,20963613,0.0429315309341
"12","FL","Florida",2018,19,21244317,0.08943568296406
"12","FL","Florida",2019,25,21477737,0.116399600199965
"12","FL","Florida",2020,2,21591299,0.00926299061487685
"12","FL","Florida",2021,19,21830708,0.0870333660273409
"12","FL","Florida",2022,18,22245521,0.0809151648999365
"13","GA","Georgia",2011,0,9802431,0
"13","GA","Georgia",2012,0,9901430,0
"13","GA","Georgia",2013,0,9972479,0
"13","GA","Georgia",2014,0,10067278,0
"13","GA","Georgia",2015,0,10178447,0
"13","GA","Georgia",2016,0,10301890,0
"13","GA","Georgia",2017,0,10410330,0
"13","GA","Georgia",2018,0,10511131,0
"13","GA","Georgia",2019,0,10617423,0
"13","GA","Georgia",2020,NA,10732390,NA
"13","GA","Georgia",2021,NA,10790385,NA
"13","GA","Georgia",2022,NA,10913150,NA
"15","HI","Hawaii",2011,NA,1379329,NA
"15","HI","Hawaii",2012,NA,1394804,NA
"15","HI","Hawaii",2013,NA,1408243,NA
"15","HI","Hawaii",2014,NA,1414538,NA
"15","HI","Hawaii",2015,NA,1422052,NA
"15","HI","Hawaii",2016,NA,1427559,NA
"15","HI","Hawaii",2017,NA,1424393,NA
"15","HI","Hawaii",2018,NA,1420593,NA
"15","HI","Hawaii",2019,NA,1415872,NA
"15","HI","Hawaii",2020,NA,1451181,NA
"15","HI","Hawaii",2021,NA,1446745,NA
"15","HI","Hawaii",2022,NA,1439399,NA
"16","ID","Idaho",2011,NA,1583910,NA
"16","ID","Idaho",2012,NA,1595324,NA
"16","ID","Idaho",2013,NA,1611206,NA
"16","ID","Idaho",2014,NA,1631112,NA
"16","ID","Idaho",2015,NA,1651059,NA
"16","ID","Idaho",2016,NA,1682380,NA
"16","ID","Idaho",2017,NA,1717715,NA
"16","ID","Idaho",2018,NA,1750536,NA
"16","ID","Idaho",2019,NA,1787065,NA
"16","ID","Idaho",2020,NA,1849339,NA
"16","ID","Idaho",2021,NA,1904537,NA
"16","ID","Idaho",2022,NA,1938996,NA
"17","IL","Illinois",2011,0,12867454,0
"17","IL","Illinois",2012,0,12882510,0
"17","IL","Illinois",2013,0,12895129,0
"17","IL","Illinois",2014,1,12884493,0.00776126775031
"17","IL","Illinois",2015,3,12858913,0.023330121294078
"17","IL","Illinois",2016,2,12820527,0.015599982746419
"17","IL","Illinois",2017,0,12778828,0
"17","IL","Illinois",2018,1,12723071,0.007859737637242
"17","IL","Illinois",2019,1,12671821,0.007891525614195
"17","IL","Illinois",2020,5,12790357,0.0390919502872359
"17","IL","Illinois",2021,8,12690341,0.0630400711848484
"17","IL","Illinois",2022,8,12582515,0.0635802937647998
"18","IN","Indiana",2011,0,6516528,0
"18","IN","Indiana",2012,1,6537703,0.0152958921505
"18","IN","Indiana",2013,1,6568713,0.015223682325594
"18","IN","Indiana",2014,0,6593644,0
"18","IN","Indiana",2015,0,6608422,0
"18","IN","Indiana",2016,0,6634304,0
"18","IN","Indiana",2017,1,6658078,0.015019349427868
"18","IN","Indiana",2018,1,6695497,0.014935411068066
"18","IN","Indiana",2019,0,6732219,0
"18","IN","Indiana",2020,1,6789098,0.0147294972027212
"18","IN","Indiana",2021,1,6813798,0.0146761028137318
"18","IN","Indiana",2022,0,6832274,0
"19","IA","Iowa",2011,0,3066336,0
"19","IA","Iowa",2012,0,3076190,0
"19","IA","Iowa",2013,0,3092997,0
"19","IA","Iowa",2014,0,3109350,0
"19","IA","Iowa",2015,0,3120960,0
"19","IA","Iowa",2016,0,3131371,0
"19","IA","Iowa",2017,2,3141550,0.063662841590934
"19","IA","Iowa",2018,0,3148618,0
"19","IA","Iowa",2019,0,3155070,0
"19","IA","Iowa",2020,1,3190904,0.0313390813387053
"19","IA","Iowa",2021,5,3197944,0.156350455167445
"19","IA","Iowa",2022,3,3199693,0.0937589950035832
"20","KS","Kansas",2011,0,2869225,0
"20","KS","Kansas",2012,0,2885257,0
"20","KS","Kansas",2013,0,2893212,0
"20","KS","Kansas",2014,0,2900475,0
"20","KS","Kansas",2015,0,2909011,0
"20","KS","Kansas",2016,0,2910844,0
"20","KS","Kansas",2017,0,2908718,0
"20","KS","Kansas",2018,0,2911359,0
"20","KS","Kansas",2019,0,2913314,0
"20","KS","Kansas",2020,0,2938124,0
"20","KS","Kansas",2021,2,2937946,0.0680747706050418
"20","KS","Kansas",2022,0,2936716,0
"21","KY","Kentucky",2011,0,4369821,0
"21","KY","Kentucky",2012,0,4386346,0
"21","KY","Kentucky",2013,0,4404659,0
"21","KY","Kentucky",2014,0,4414349,0
"21","KY","Kentucky",2015,0,4425976,0
"21","KY","Kentucky",2016,0,4438182,0
"21","KY","Kentucky",2017,0,4452268,0
"21","KY","Kentucky",2018,0,4461153,0
"21","KY","Kentucky",2019,0,4467673,0
"21","KY","Kentucky",2020,3,4508155,0.0665460703990879
"21","KY","Kentucky",2021,2,4507600,0.0443695092732274
"21","KY","Kentucky",2022,0,4511563,0
"22","LA","Louisiana",2011,0,4575625,0
"22","LA","Louisiana",2012,0,4600972,0
"22","LA","Louisiana",2013,2,4624527,0.043247666193753
"22","LA","Louisiana",2014,0,4644013,0
"22","LA","Louisiana",2015,1,4664628,0.021437936744366
"22","LA","Louisiana",2016,0,4678135,0
"22","LA","Louisiana",2017,1,4670560,0.021410708780103
"22","LA","Louisiana",2018,1,4659690,0.021460655107958
"22","LA","Louisiana",2019,0,4648794,0
"22","LA","Louisiana",2020,0,4652022,0
"22","LA","Louisiana",2021,1,4627047,0.0216120562423507
"22","LA","Louisiana",2022,0,4588023,0
"23","ME","Maine",2011,9,1328284,0.677565942223199
"23","ME","Maine",2012,10,1327729,0.753165743913103
"23","ME","Maine",2013,36,1328009,2.71082500193899
"23","ME","Maine",2014,42,1330513,3.15667716136558
"23","ME","Maine",2015,55,1328262,4.14074934011513
"23","ME","Maine",2016,82,1331317,6.15931442323654
"23","ME","Maine",2017,118,1334612,8.84152098137886
"23","ME","Maine",2018,101,1339057,7.54262141193392
"23","ME","Maine",2019,138,1344212,10.2662377660667
"23","ME","Maine",2020,66,1364517,4.83687634525623
"23","ME","Maine",2021,201,1378787,14.5780312695144
"23","ME","Maine",2022,193,1389338,13.8915080419596
"24","MD","Maryland",2011,4,5839419,0.068499965493142
"24","MD","Maryland",2012,3,5886992,0.05095981105461
"24","MD","Maryland",2013,9,5923188,0.151945202482177
"24","MD","Maryland",2014,2,5957283,0.033572351691199
"24","MD","Maryland",2015,4,5985562,0.066827475849386
"24","MD","Maryland",2016,6,6003323,0.099944647322824
"24","MD","Maryland",2017,5,6023868,0.083003146815302
"24","MD","Maryland",2018,7,6035802,0.115974645954258
"24","MD","Maryland",2019,7,6045680,0.115785155681412
"24","MD","Maryland",2020,9,6173689,0.145779938056485
"24","MD","Maryland",2021,13,6175045,0.210524781600782
"24","MD","Maryland",2022,7,6163981,0.113562971722333
"25","MA","Massachusetts",2011,208,6613583,3.14504255862518
"25","MA","Massachusetts",2012,261,6663005,3.91715149545888
"25","MA","Massachusetts",2013,417,6713315,6.21153632743287
"25","MA","Massachusetts",2014,535,6762596,7.91116310955142
"25","MA","Massachusetts",2015,444,6794228,6.53495879149184
"25","MA","Massachusetts",2016,517,6823608,7.57663687597529
"25","MA","Massachusetts",2017,591,6859789,8.61542534325764
"25","MA","Massachusetts",2018,527,6882635,7.65695115315573
"25","MA","Massachusetts",2019,636,6892503,9.22741709361607
"25","MA","Massachusetts",2020,578,6997713,8.25984146534732
"25","MA","Massachusetts",2021,611,6991951,8.73861959272884
"25","MA","Massachusetts",2022,451,6982740,6.45878265551918
"26","MI","Michigan",2011,0,9882412,0
"26","MI","Michigan",2012,0,9897145,0
"26","MI","Michigan",2013,2,9913065,0.020175394794647
"26","MI","Michigan",2014,2,9929848,0.020141295214187
"26","MI","Michigan",2015,3,9931715,0.030206263470106
"26","MI","Michigan",2016,2,9950571,0.020099349072531
"26","MI","Michigan",2017,3,9973114,0.030080875441713
"26","MI","Michigan",2018,1,9984072,0.010015953410592
"26","MI","Michigan",2019,1,9986857,0.010013160296578
"26","MI","Michigan",2020,0,10070627,0
"26","MI","Michigan",2021,4,10038117,0.039848110955471
"26","MI","Michigan",2022,9,10033281,0.0897014645558118
"27","MN","Minnesota",2011,73,5346143,1.36547039613418
"27","MN","Minnesota",2012,41,5376643,0.76255760332237
"27","MN","Minnesota",2013,64,5413479,1.18223419726945
"27","MN","Minnesota",2014,49,5451079,0.898904602189768
"27","MN","Minnesota",2015,45,5482032,0.820863504627481
"27","MN","Minnesota",2016,50,5522744,0.90534705211757
"27","MN","Minnesota",2017,60,5566230,1.07792886747404
"27","MN","Minnesota",2018,49,5606249,0.874024682100278
"27","MN","Minnesota",2019,54,5639632,0.957509284293727
"27","MN","Minnesota",2020,0,5710578,0
"27","MN","Minnesota",2021,63,5717968,1.1017900065198
"27","MN","Minnesota",2022,61,5714300,1.06749733125667
"28","MS","Mississippi",2011,NA,2978731,NA
"28","MS","Mississippi",2012,NA,2983816,NA
"28","MS","Mississippi",2013,NA,2988711,NA
"28","MS","Mississippi",2014,NA,2990468,NA
"28","MS","Mississippi",2015,NA,2988471,NA
"28","MS","Mississippi",2016,NA,2987938,NA
"28","MS","Mississippi",2017,NA,2988510,NA
"28","MS","Mississippi",2018,NA,2981020,NA
"28","MS","Mississippi",2019,NA,2976149,NA
"28","MS","Mississippi",2020,NA,2958409,NA
"28","MS","Mississippi",2021,NA,2949582,NA
"28","MS","Mississippi",2022,NA,2938928,NA
"29","MO","Missouri",2011,0,6010275,0
"29","MO","Missouri",2012,0,6024367,0
"29","MO","Missouri",2013,0,6040715,0
"29","MO","Missouri",2014,0,6056202,0
"29","MO","Missouri",2015,0,6071732,0
"29","MO","Missouri",2016,1,6087135,0.016428089733512
"29","MO","Missouri",2017,0,6106670,0
"29","MO","Missouri",2018,0,6121623,0
"29","MO","Missouri",2019,0,6137428,0
"29","MO","Missouri",2020,0,6154426,0
"29","MO","Missouri",2021,0,6170393,0
"29","MO","Missouri",2022,0,6177168,0
"30","MT","Montana",2011,0,997316,0
"30","MT","Montana",2012,0,1003783,0
"30","MT","Montana",2013,0,1013569,0
"30","MT","Montana",2014,0,1021869,0
"30","MT","Montana",2015,0,1030475,0
"30","MT","Montana",2016,1,1040859,0.096074492318364
"30","MT","Montana",2017,0,1052482,0
"30","MT","Montana",2018,0,1060665,0
"30","MT","Montana",2019,0,1068778,0
"30","MT","Montana",2020,0,1087211,0
"30","MT","Montana",2021,0,1106366,0
"30","MT","Montana",2022,1,1122878,0.0890568699360037
"31","NE","Nebraska",2011,0,1840672,0
"31","NE","Nebraska",2012,1,1853303,0.053957717653293
"31","NE","Nebraska",2013,1,1865279,0.053611282816136
"31","NE","Nebraska",2014,0,1879321,0
"31","NE","Nebraska",2015,0,1891277,0
"31","NE","Nebraska",2016,1,1905616,0.052476469551053
"31","NE","Nebraska",2017,0,1915947,0
"31","NE","Nebraska",2018,0,1925614,0
"31","NE","Nebraska",2019,0,1934408,0
"31","NE","Nebraska",2020,0,1963273,0
"31","NE","Nebraska",2021,0,1964253,0
"31","NE","Nebraska",2022,0,1968060,0
"32","NV","Nevada",2011,0,2712730,0
"32","NV","Nevada",2012,0,2743996,0
"32","NV","Nevada",2013,0,2775970,0
"32","NV","Nevada",2014,0,2817628,0
"32","NV","Nevada",2015,0,2866939,0
"32","NV","Nevada",2016,0,2917563,0
"32","NV","Nevada",2017,0,2969905,0
"32","NV","Nevada",2018,0,3027341,0
"32","NV","Nevada",2019,0,3080156,0
"32","NV","Nevada",2020,NA,3115840,NA
"32","NV","Nevada",2021,NA,3146632,NA
"32","NV","Nevada",2022,NA,3177421,NA
"33","NH","New Hampshire",2011,13,1320202,0.984697796246332
"33","NH","New Hampshire",2012,19,1324232,1.43479390318313
"33","NH","New Hampshire",2013,22,1326622,1.6583472910897
"33","NH","New Hampshire",2014,42,1333341,3.14998188760415
"33","NH","New Hampshire",2015,53,1336350,3.9660268642197
"33","NH","New Hampshire",2016,13,1342307,0.968481874861712
"33","NH","New Hampshire",2017,78,1348787,5.78297388690727
"33","NH","New Hampshire",2018,37,1353465,2.73372418200692
"33","NH","New Hampshire",2019,63,1359711,4.63333752540062
"33","NH","New Hampshire",2020,28,1378702,2.0308957265602
"33","NH","New Hampshire",2021,80,1387494,5.76579069891473
"33","NH","New Hampshire",2022,58,1399003,4.14580955151633
"34","NJ","New Jersey",2011,166,8828117,1.88035568626922
"34","NJ","New Jersey",2012,92,8844942,1.04014249047648
"34","NJ","New Jersey",2013,171,8856972,1.93068240477671
"34","NJ","New Jersey",2014,159,8864525,1.79366632729898
"34","NJ","New Jersey",2015,281,8867949,3.16871465995125
"34","NJ","New Jersey",2016,174,8870827,1.96148566531621
"34","NJ","New Jersey",2017,193,8885525,2.17207199349504
"34","NJ","New Jersey",2018,247,8886025,2.77964556705614
"34","NJ","New Jersey",2019,236,8882190,2.65700238342121
"34","NJ","New Jersey",2020,238,9272392,2.56675947263662
"34","NJ","New Jersey",2021,258,9269175,2.7834192363398
"34","NJ","New Jersey",2022,292,9260817,3.15306954019284
"35","NM","New Mexico",2011,NA,2080450,NA
"35","NM","New Mexico",2012,NA,2087309,NA
"35","NM","New Mexico",2013,NA,2092273,NA
"35","NM","New Mexico",2014,NA,2089568,NA
"35","NM","New Mexico",2015,NA,2089291,NA
"35","NM","New Mexico",2016,NA,2091630,NA
"35","NM","New Mexico",2017,NA,2091784,NA
"35","NM","New Mexico",2018,NA,2092741,NA
"35","NM","New Mexico",2019,NA,2096829,NA
"35","NM","New Mexico",2020,NA,2118488,NA
"35","NM","New Mexico",2021,NA,2116950,NA
"35","NM","New Mexico",2022,NA,2113476,NA
"36","NY","New York",2011,418,19499241,2.1436731819459
"36","NY","New York",2012,253,19572932,1.29260143549265
"36","NY","New York",2013,534,19624447,2.72109578425318
"36","NY","New York",2014,471,19651049,2.39681861258399
"36","NY","New York",2015,581,19654666,2.95604107441968
"36","NY","New York",2016,430,19633428,2.19014224107986
"36","NY","New York",2017,696,19589572,3.55291070167332
"36","NY","New York",2018,641,19530351,3.28207106979286
"36","NY","New York",2019,663,19453561,3.40811638547822
"36","NY","New York",2020,462,20104710,2.29796898338747
"36","NY","New York",2021,793,19854526,3.99405153263291
"36","NY","New York",2022,589,19673200,2.99392066364394
"37","NC","North Carolina",2011,NA,9657592,NA
"37","NC","North Carolina",2012,NA,9749476,NA
"37","NC","North Carolina",2013,NA,9843336,NA
"37","NC","North Carolina",2014,NA,9932887,NA
"37","NC","North Carolina",2015,NA,10031646,NA
"37","NC","North Carolina",2016,NA,10154788,NA
"37","NC","North Carolina",2017,NA,10268233,NA
"37","NC","North Carolina",2018,NA,10381615,NA
"37","NC","North Carolina",2019,NA,10488084,NA
"37","NC","North Carolina",2020,0,10453812,0
"37","NC","North Carolina",2021,0,10567100,0
"37","NC","North Carolina",2022,0,10695965,0
"38","ND","North Dakota",2011,1,685225,0.145937465795906
"38","ND","North Dakota",2012,0,701176,0
"38","ND","North Dakota",2013,1,722036,0.138497249444626
"38","ND","North Dakota",2014,0,737401,0
"38","ND","North Dakota",2015,3,754066,0.397843159617328
"38","ND","North Dakota",2016,1,754434,0.132549699509831
"38","ND","North Dakota",2017,0,754942,0
"38","ND","North Dakota",2018,1,758080,0.131912199240186
"38","ND","North Dakota",2019,0,762062,0
"38","ND","North Dakota",2020,0,779563,0
"38","ND","North Dakota",2021,0,777982,0
"38","ND","North Dakota",2022,0,778912,0
"39","OH","Ohio",2011,0,11544663,0
"39","OH","Ohio",2012,0,11548923,0
"39","OH","Ohio",2013,0,11576684,0
"39","OH","Ohio",2014,1,11602700,0.00861868358227
"39","OH","Ohio",2015,2,11617527,0.017215367780079
"39","OH","Ohio",2016,0,11634370,0
"39","OH","Ohio",2017,1,11659650,0.008576586775761
"39","OH","Ohio",2018,4,11676341,0.034257307147847
"39","OH","Ohio",2019,4,11689100,0.034219914279115
"39","OH","Ohio",2020,1,11798292,0.00847580310777187
"39","OH","Ohio",2021,3,11765227,0.02549887052753
"39","OH","Ohio",2022,4,11759697,0.034014481835714
"40","OK","Oklahoma",2011,NA,3788379,NA
"40","OK","Oklahoma",2012,NA,3818814,NA
"40","OK","Oklahoma",2013,NA,3853214,NA
"40","OK","Oklahoma",2014,NA,3878187,NA
"40","OK","Oklahoma",2015,NA,3909500,NA
"40","OK","Oklahoma",2016,NA,3926331,NA
"40","OK","Oklahoma",2017,NA,3931316,NA
"40","OK","Oklahoma",2018,NA,3940235,NA
"40","OK","Oklahoma",2019,NA,3956971,NA
"40","OK","Oklahoma",2020,NA,3965234,NA
"40","OK","Oklahoma",2021,NA,3991634,NA
"40","OK","Oklahoma",2022,NA,4019271,NA
"41","OR","Oregon",2011,1,3872036,0.025826206161306
"41","OR","Oregon",2012,0,3899001,0
"41","OR","Oregon",2013,0,3922468,0
"41","OR","Oregon",2014,1,3963244,0.025231855520377
"41","OR","Oregon",2015,2,4015792,0.049803376270484
"41","OR","Oregon",2016,2,4089976,0.048900042445237
"41","OR","Oregon",2017,5,4143625,0.120667290114332
"41","OR","Oregon",2018,2,4181886,0.047825311354733
"41","OR","Oregon",2019,3,4217737,0.071128190306792
"41","OR","Oregon",2020,4,4245044,0.0942275274414117
"41","OR","Oregon",2021,3,4256465,0.0704810212230102
"41","OR","Oregon",2022,1,4239379,0.0235883604650587
"42","PA","Pennsylvania",2011,NA,12745815,NA
"42","PA","Pennsylvania",2012,NA,12767118,NA
"42","PA","Pennsylvania",2013,NA,12776309,NA
"42","PA","Pennsylvania",2014,NA,12788313,NA
"42","PA","Pennsylvania",2015,NA,12784826,NA
"42","PA","Pennsylvania",2016,NA,12782275,NA
"42","PA","Pennsylvania",2017,NA,12787641,NA
"42","PA","Pennsylvania",2018,NA,12800922,NA
"42","PA","Pennsylvania",2019,NA,12801989,NA
"42","PA","Pennsylvania",2020,NA,12995477,NA
"42","PA","Pennsylvania",2021,NA,13013614,NA
"42","PA","Pennsylvania",2022,NA,12972091,NA
"44","RI","Rhode Island",2011,73,1053649,6.92830344830204
"44","RI","Rhode Island",2012,56,1054621,5.30996443272038
"44","RI","Rhode Island",2013,142,1055081,13.4586823191774
"44","RI","Rhode Island",2014,172,1055936,16.2888659918783
"44","RI","Rhode Island",2015,190,1056065,17.9913168223547
"44","RI","Rhode Island",2016,155,1056770,14.667335370989
"44","RI","Rhode Island",2017,161,1055673,15.2509347117905
"44","RI","Rhode Island",2018,165,1058287,15.5912337579503
"44","RI","Rhode Island",2019,158,1059361,14.9146513794637
"44","RI","Rhode Island",2020,193,1096444,17.602358168771
"44","RI","Rhode Island",2021,195,1097092,17.7742614110758
"44","RI","Rhode Island",2022,118,1093842,10.7876640319169
"45","SC","South Carolina",2011,0,4671994,0
"45","SC","South Carolina",2012,0,4717354,0
"45","SC","South Carolina",2013,1,4764080,0.02099041157999
"45","SC","South Carolina",2014,3,4823617,0.06219399259933
"45","SC","South Carolina",2015,2,4891938,0.040883592555752
"45","SC","South Carolina",2016,2,4957968,0.040339106666279
"45","SC","South Carolina",2017,2,5021268,0.039830576659123
"45","SC","South Carolina",2018,1,5084156,0.019668948002382
"45","SC","South Carolina",2019,1,5148714,0.01942232565258
"45","SC","South Carolina",2020,0,5132151,0
"45","SC","South Carolina",2021,3,5193848,0.0577606429760748
"45","SC","South Carolina",2022,2,5282955,0.0378576005284921
"46","SD","South Dakota",2011,0,823579,0
"46","SD","South Dakota",2012,0,833566,0
"46","SD","South Dakota",2013,1,842316,0.118720290247366
"46","SD","South Dakota",2014,1,849129,0.117767736115478
"46","SD","South Dakota",2015,0,853988,0
"46","SD","South Dakota",2016,0,862996,0
"46","SD","South Dakota",2017,0,872868,0
"46","SD","South Dakota",2018,0,878698,0
"46","SD","South Dakota",2019,0,884659,0
"46","SD","South Dakota",2020,1,887852,0.112631384510031
"46","SD","South Dakota",2021,0,896299,0
"46","SD","South Dakota",2022,0,909869,0
"47","TN","Tennessee",2011,1,6399291,0.01562673114881
"47","TN","Tennessee",2012,0,6453898,0
"47","TN","Tennessee",2013,0,6494340,0
"47","TN","Tennessee",2014,0,6541223,0
"47","TN","Tennessee",2015,1,6591170,0.015171813198567
"47","TN","Tennessee",2016,1,6646010,0.015046621958137
"47","TN","Tennessee",2017,1,6708799,0.014905797595069
"47","TN","Tennessee",2018,1,6771631,0.014767491022473
"47","TN","Tennessee",2019,1,6829174,0.014643059321669
"47","TN","Tennessee",2020,1,6926091,0.0144381585514831
"47","TN","Tennessee",2021,2,6963709,0.0287203270555964
"47","TN","Tennessee",2022,1,7048976,0.0141864577209512
"48","TX","Texas",2011,0,25645629,0
"48","TX","Texas",2012,0,26084481,0
"48","TX","Texas",2013,1,26480266,0.00377639711021
"48","TX","Texas",2014,1,26964333,0.00370860276796
"48","TX","Texas",2015,1,27470056,0.003640327489685
"48","TX","Texas",2016,1,27914410,0.003582379136797
"48","TX","Texas",2017,0,28295273,0
"48","TX","Texas",2018,2,28628666,0.006986004866591
"48","TX","Texas",2019,2,28995881,0.006897531411444
"48","TX","Texas",2020,3,29234361,0.0102618969506465
"48","TX","Texas",2021,1,29561286,0.00338280276439936
"48","TX","Texas",2022,4,30029848,0.0133200807410014
"49","UT","Utah",2011,0,2814384,0
"49","UT","Utah",2012,0,2853375,0
"49","UT","Utah",2013,0,2897640,0
"49","UT","Utah",2014,0,2936879,0
"49","UT","Utah",2015,0,2981835,0
"49","UT","Utah",2016,0,3041868,0
"49","UT","Utah",2017,1,3101042,0.0322472252875
"49","UT","Utah",2018,1,3153550,0.03171029474719
"49","UT","Utah",2019,0,3205958,0
"49","UT","Utah",2020,0,3283982,0
"49","UT","Utah",2021,0,3339284,0
"49","UT","Utah",2022,0,3381236,0
"50","VT","Vermont",2011,2,627049,0.318954340091444
"50","VT","Vermont",2012,2,626090,0.319442891597055
"50","VT","Vermont",2013,6,626210,0.958145031219559
"50","VT","Vermont",2014,3,625214,0.479835704254863
"50","VT","Vermont",2015,9,625216,1.43950250793326
"50","VT","Vermont",2016,15,623657,2.40516822548292
"50","VT","Vermont",2017,22,624344,3.52369847391823
"50","VT","Vermont",2018,21,624358,3.36345494091531
"50","VT","Vermont",2019,34,623989,5.44881400152887
"50","VT","Vermont",2020,16,642936,2.48858362263118
"50","VT","Vermont",2021,2,647093,0.309074584333318
"50","VT","Vermont",2022,60,647110,9.27199394229729
"51","VA","Virginia",2011,0,8101155,0
"51","VA","Virginia",2012,0,8185080,0
"51","VA","Virginia",2013,0,8252427,0
"51","VA","Virginia",2014,0,8310993,0
"51","VA","Virginia",2015,0,8361808,0
"51","VA","Virginia",2016,0,8410106,0
"51","VA","Virginia",2017,0,8463587,0
"51","VA","Virginia",2018,5,8501286,0.058814631104047
"51","VA","Virginia",2019,1,8535519,0.011715749212204
"51","VA","Virginia",2020,3,8637193,0.0347335065917828
"51","VA","Virginia",2021,11,8657348,0.127059695417119
"51","VA","Virginia",2022,11,8679099,0.126741266576173
"53","WA","Washington",2011,0,6826627,0
"53","WA","Washington",2012,0,6897058,0
"53","WA","Washington",2013,1,6963985,0.014359594398897
"53","WA","Washington",2014,4,7054655,0.056700150468024
"53","WA","Washington",2015,2,7163657,0.027918701300188
"53","WA","Washington",2016,0,7294771,0
"53","WA","Washington",2017,1,7423362,0.013470985249002
"53","WA","Washington",2018,0,7523869,0
"53","WA","Washington",2019,1,7614893,0.013132160885255
"53","WA","Washington",2020,0,7724566,0
"53","WA","Washington",2021,0,7741433,0
"53","WA","Washington",2022,1,7784477,0.0128460781629903
"54","WV","West Virginia",2011,0,1856301,0
"54","WV","West Virginia",2012,0,1856872,0
"54","WV","West Virginia",2013,0,1853914,0
"54","WV","West Virginia",2014,0,1849489,0
"54","WV","West Virginia",2015,0,1842050,0
"54","WV","West Virginia",2016,0,1831023,0
"54","WV","West Virginia",2017,1,1817004,0.055035652095427
"54","WV","West Virginia",2018,1,1804291,0.055423432251228
"54","WV","West Virginia",2019,0,1792147,0
"54","WV","West Virginia",2020,0,1791562,0
"54","WV","West Virginia",2021,0,1785249,0
"54","WV","West Virginia",2022,0,1774035,0
"55","WI","Wisconsin",2011,80,5705288,1.40220791658546
"55","WI","Wisconsin",2012,45,5719960,0.786718788243274
"55","WI","Wisconsin",2013,76,5736754,1.32479098807444
"55","WI","Wisconsin",2014,43,5751525,0.747627803060927
"55","WI","Wisconsin",2015,56,5760940,0.972063586845202
"55","WI","Wisconsin",2016,68,5772628,1.17797301333119
"55","WI","Wisconsin",2017,88,5790186,1.51981300773412
"55","WI","Wisconsin",2018,64,5807406,1.10204108340281
"55","WI","Wisconsin",2019,58,5822434,0.996146972211278
"55","WI","Wisconsin",2020,58,5896700,0.983600997167907
"55","WI","Wisconsin",2021,99,5879978,1.68367976886988
"55","WI","Wisconsin",2022,91,5890543,1.54484909116188
"56","WY","Wyoming",2011,0,567299,0
"56","WY","Wyoming",2012,0,576305,0
"56","WY","Wyoming",2013,0,582122,0
"56","WY","Wyoming",2014,0,582531,0
"56","WY","Wyoming",2015,0,585613,0
"56","WY","Wyoming",2016,0,584215,0
"56","WY","Wyoming",2017,0,578931,0
"56","WY","Wyoming",2018,0,577601,0
"56","WY","Wyoming",2019,0,578759,0
"56","WY","Wyoming",2020,1,577664,0.173111012630179
"56","WY","Wyoming",2021,0,579548,0
"56","WY","Wyoming",2022,2,581629,0.343861808816273
